Board type,Group
E0-P001,E0
E1,E1/P2 EPA
E1-EC HW,E1/P2 EPA
E1-FSC,E1/P2 EPA
E1-FSC P001,E1/P2 EPA
E1-GREEN,E1-GREEN
E1-HDF,E1/P2-HDF
E1-HDF FSC,E1/P2-HDF
E1-HDF-FSC,E1/P2-HDF
E1-HDF P001,E1/P2-HDF
E1-MR,E1-MR
E1 MUF-HMR-V70,E1-HMR-V70
MUF-E1-HMR V70,E1-HMR-V70
MUF E1-HMRV313+F,E1-HMR-V313+F
MUF-FR-RED BB HW,FR-RED
MUF-HMR-F V313+,HMR-V313+F
MUF-HMR V70,HMR-V70
MUF-HMR-V70,HMR-V70
MUF-HMR V70 AM,HMR-V70-AM
MUF-HMR V70 E1,E1-HMR-V70
MUF-HMR-V70 E1,E1-HMR-V70
MUF-HMR70 AM,HMR-V70-AM
MUF-HMRV313+,HMR-V313+F
P2 EPA,E1/P2 EPA
P2-EPA,E1/P2 EPA
P2 EPA FSC,E1/P2 EPA
P2-EPA FSC,E1/P2 EPA
P2-EPA HDF,E1/P2-HDF
P2-EPA IKEA HDF FSC,IKEA P2 EPA-HDF
P2-EPA MR1 FSC,E1/P2 EPA-MR1
UF,UF
UF-BB  HW,UF
UF-BB HW,UF
UF-BB-HW,UF
UF-BB HW HDF GREEN,UF-HDF GREEN
UF-FSC,UF
UF-FSC-P001,UF
UF-MD P001,UF-MD
UF-MDP001,UF-MD
UF-MR1,UF-MR1
UF-MR1 BB HW,UF-MR1
UF-MR1-BB-HW,UF-MR1
UF-MR1BB HW,UF-MR1
UF MR70,UF-MR70-PF
UF-MR70,UF-MR70-PF
UF-MR70-L,UF-MR70-L
UF MR70 PF,UF-MR70-PF
UF-MR70 PF,UF-MR70-PF
UF-MR70-PF,UF-MR70-PF
UF-NS,UF
UF-P001,UF
UF-P301,UF
UF-S,UF-S
P2-EPA-P001,E1/P2 EPA
MUF-HMR-V70-AM,HMR-V70-AM
E1-BB-HW,E1/P2 EPA
MUF-HMR-F-V313+,HMR-V313+F
E1-MR1-BB-HW,E1/P2 EPA-MR1
MUF-E1-HMR-V70,E1-HMR-V70
E1-FSC-BB-HW,E1/P2 EPA
MUF-E1-HMR-F-V313,E1-HMR-V313+F
MUF-E0-MR,E0-MR
P2-EPA-FSC,E1/P2 EPA
UF-BB-HW-MR1,UF-MR1
E1-MUF-HRM-V70,E1-HMR-V70
MUF-HMR-V70AM,HMR-V70-AM
UF-S (E2-N),UF-S (E2N)
UF-V70-L,V70-L
MUF-FR-RED,FR-RED
UF-MD,UF-MD
